car_ID,symboling,wheelbase,carlength,carwidth,carheight,curbweight,enginesize,boreratio,stroke,compressionratio,horsepower,peakrpm,citympg,highwaympg,company_name,fueltype,aspiration,doornumber,carbody,drivewheel,enginelocation,enginetype,cylindernumber,fuelsystem,Actual Price,Predicted Price
1,3,88.6,168.8,64.1,48.8,2548,130,3.47,2.68,9.0,111,5000,21,27,alfa-romero,gas,std,two,convertible,rwd,front,dohc,four,mpfi,13495.0,14524.934534252296
2,3,88.6,168.8,64.1,48.8,2548,130,3.47,2.68,9.0,111,5000,21,27,alfa-romero,gas,std,two,convertible,rwd,front,dohc,four,mpfi,16500.0,14524.934534252296
3,1,94.5,171.2,65.5,52.4,2823,152,2.68,3.47,9.0,154,5000,19,26,alfa-romero,gas,std,two,hatchback,rwd,front,ohcv,six,mpfi,16500.0,17012.409539006607
4,2,99.8,176.6,66.2,54.3,2337,109,3.19,3.4,10.0,102,5500,24,30,audi,gas,std,four,sedan,fwd,front,ohc,four,mpfi,13950.0,12928.953258145364
5,2,99.4,176.6,66.4,54.3,2824,136,3.19,3.4,8.0,115,5500,18,22,audi,gas,std,four,sedan,4wd,front,ohc,five,mpfi,17450.0,17169.05550867795
6,2,99.8,177.3,66.3,53.1,2507,136,3.19,3.4,8.5,110,5500,19,25,audi,gas,std,two,sedan,fwd,front,ohc,five,mpfi,15250.0,14632.0042232665
7,1,105.8,192.7,71.4,55.7,2844,136,3.19,3.4,8.5,110,5500,19,25,audi,gas,std,four,sedan,fwd,front,ohc,five,mpfi,17710.0,19992.999321219715
8,1,105.8,192.7,71.4,55.7,2954,136,3.19,3.4,8.5,110,5500,19,25,audi,gas,std,four,wagon,fwd,front,ohc,five,mpfi,18920.0,19974.04526942356
9,1,105.8,192.7,71.4,55.9,3086,131,3.13,3.4,8.3,140,5500,17,20,audi,gas,turbo,four,sedan,fwd,front,ohc,five,mpfi,23875.0,22195.004030701755
10,0,99.5,178.2,67.9,52.0,3053,131,3.13,3.4,7.0,160,5500,16,22,audi,gas,turbo,two,hatchback,4wd,front,ohc,five,mpfi,17859.167,19648.74251920426
11,2,101.2,176.8,64.8,54.3,2395,108,3.5,2.8,8.8,101,5800,23,29,bmw,gas,std,two,sedan,rwd,front,ohc,four,mpfi,16430.0,16758.236278195487
12,0,101.2,176.8,64.8,54.3,2395,108,3.5,2.8,8.8,101,5800,23,29,bmw,gas,std,four,sedan,rwd,front,ohc,four,mpfi,16925.0,16758.236278195487
13,0,101.2,176.8,64.8,54.3,2710,164,3.31,3.19,9.0,121,4250,21,28,bmw,gas,std,two,sedan,rwd,front,ohc,six,mpfi,20970.0,21419.301503759394
14,0,101.2,176.8,64.8,54.3,2765,164,3.31,3.19,9.0,121,4250,21,28,bmw,gas,std,four,sedan,rwd,front,ohc,six,mpfi,21105.0,21898.958458646615
15,1,103.5,189.0,66.9,55.7,3055,164,3.31,3.19,9.0,121,4250,20,25,bmw,gas,std,four,sedan,rwd,front,ohc,six,mpfi,24565.0,21646.394987468666
16,0,103.5,189.0,66.9,55.7,3230,209,3.62,3.39,8.0,182,5400,16,22,bmw,gas,std,four,sedan,rwd,front,ohc,six,mpfi,30760.0,29457.46657525063
17,0,103.5,193.8,67.9,53.7,3380,209,3.62,3.39,8.0,182,5400,16,22,bmw,gas,std,two,sedan,rwd,front,ohc,six,mpfi,41315.0,30790.791982518796
18,0,110.0,197.0,70.9,56.3,3505,209,3.62,3.39,8.0,182,5400,15,20,bmw,gas,std,four,sedan,rwd,front,ohc,six,mpfi,36880.0,34907.027768796994
19,2,88.4,141.1,60.3,53.2,1488,61,2.91,3.03,9.5,48,5100,47,53,chevrolet,gas,std,two,hatchback,fwd,front,l,three,2bbl,5151.0,6096.768859649123
20,1,94.5,155.9,63.6,52.0,1874,90,3.03,3.11,9.6,70,5400,38,43,chevrolet,gas,std,two,hatchback,fwd,front,ohc,four,2bbl,6295.0,6669.226911027569
21,0,94.5,158.8,63.6,52.0,1909,90,3.03,3.11,9.6,70,5400,38,43,chevrolet,gas,std,four,sedan,fwd,front,ohc,four,2bbl,6575.0,7091.627485380118
22,1,93.7,157.3,63.8,50.8,1876,90,2.97,3.23,9.41,68,5500,37,41,dodge,gas,std,two,hatchback,fwd,front,ohc,four,2bbl,5572.0,5716.686810776942
23,1,93.7,157.3,63.8,50.8,1876,90,2.97,3.23,9.4,68,5500,31,38,dodge,gas,std,two,hatchback,fwd,front,ohc,four,2bbl,6377.0,6180.266196741855
24,1,93.7,157.3,63.8,50.8,2128,98,3.03,3.39,7.6,102,5500,24,30,dodge,gas,turbo,two,hatchback,fwd,front,ohc,four,mpfi,7957.0,8316.51729323308
25,1,93.7,157.3,63.8,50.6,1967,90,2.97,3.23,9.4,68,5500,31,38,dodge,gas,std,four,hatchback,fwd,front,ohc,four,2bbl,6229.0,6324.0000626566425
26,1,93.7,157.3,63.8,50.6,1989,90,2.97,3.23,9.4,68,5500,31,38,dodge,gas,std,four,sedan,fwd,front,ohc,four,2bbl,6692.0,7093.4300125313275
27,1,93.7,157.3,63.8,50.6,1989,90,2.97,3.23,9.4,68,5500,31,38,dodge,gas,std,four,sedan,fwd,front,ohc,four,2bbl,7609.0,7093.4300125313275
28,1,93.7,157.3,63.8,50.6,2191,98,3.03,3.39,7.6,102,5500,24,30,dodge,gas,turbo,two,sedan,fwd,front,ohc,four,mpfi,8558.0,8371.290162907266
29,-1,103.3,174.6,64.6,59.8,2535,122,3.34,3.46,8.5,88,5000,24,30,dodge,gas,std,four,wagon,fwd,front,ohc,four,2bbl,8921.0,9124.963815789471
30,3,95.9,173.2,66.3,50.2,2811,156,3.6,3.9,7.0,145,5000,19,24,dodge,gas,turbo,two,hatchback,fwd,front,ohc,four,mfi,12964.0,14244.001869256474
31,2,86.6,144.6,63.9,50.8,1713,92,2.91,3.41,9.6,58,4800,49,54,honda,gas,std,two,hatchback,fwd,front,ohc,four,1bbl,6479.0,6149.963638262323
32,2,86.6,144.6,63.9,50.8,1819,92,2.91,3.41,9.2,76,6000,31,38,honda,gas,std,two,hatchback,fwd,front,ohc,four,1bbl,6855.0,6692.084837092732
33,1,93.7,150.0,64.0,52.6,1837,79,2.91,3.07,10.1,60,5500,38,42,honda,gas,std,two,hatchback,fwd,front,ohc,four,1bbl,5399.0,6166.706182121971
34,1,93.7,150.0,64.0,52.6,1940,92,2.91,3.41,9.2,76,6000,30,34,honda,gas,std,two,hatchback,fwd,front,ohc,four,1bbl,6529.0,6758.5467731829585
35,1,93.7,150.0,64.0,52.6,1956,92,2.91,3.41,9.2,76,6000,30,34,honda,gas,std,two,hatchback,fwd,front,ohc,four,1bbl,7129.0,6850.518535923142
36,0,96.5,163.4,64.0,54.5,2010,92,2.91,3.41,9.2,76,6000,30,34,honda,gas,std,four,sedan,fwd,front,ohc,four,1bbl,7295.0,7490.6377401837935
37,0,96.5,157.1,63.9,58.3,2024,92,2.92,3.41,9.2,76,6000,30,34,honda,gas,std,four,wagon,fwd,front,ohc,four,1bbl,7295.0,7202.246042188805
38,0,96.5,167.5,65.2,53.3,2236,110,3.15,3.58,9.0,86,5800,27,33,honda,gas,std,two,hatchback,fwd,front,ohc,four,1bbl,7895.0,8517.212980367585
39,0,96.5,167.5,65.2,53.3,2289,110,3.15,3.58,9.0,86,5800,27,33,honda,gas,std,two,hatchback,fwd,front,ohc,four,1bbl,9095.0,8763.695895989973
40,0,96.5,175.4,65.2,54.1,2304,110,3.15,3.58,9.0,86,5800,27,33,honda,gas,std,four,sedan,fwd,front,ohc,four,1bbl,8845.0,9318.811716791979
41,0,96.5,175.4,62.5,54.1,2372,110,3.15,3.58,9.0,86,5800,27,33,honda,gas,std,four,sedan,fwd,front,ohc,four,1bbl,10295.0,9575.581766917292
42,0,96.5,175.4,65.2,54.1,2465,110,3.15,3.58,9.0,101,5800,24,28,honda,gas,std,four,sedan,fwd,front,ohc,four,mpfi,12945.0,12549.97842522974
43,1,96.5,169.1,66.0,51.0,2293,110,3.15,3.58,9.1,100,5500,25,31,honda,gas,std,two,sedan,fwd,front,ohc,four,2bbl,10345.0,9715.420760233917
44,0,94.3,170.7,61.8,53.5,2337,111,3.31,3.23,8.5,78,4800,24,29,isuzu,gas,std,four,sedan,rwd,front,ohc,four,2bbl,6785.0,8180.4484962406
45,1,94.5,155.9,63.6,52.0,1874,90,3.03,3.11,9.6,70,5400,38,43,isuzu,gas,std,two,sedan,fwd,front,ohc,four,2bbl,8916.5,7865.4244987468655
46,0,94.5,155.9,63.6,52.0,1909,90,3.03,3.11,9.6,70,5400,38,43,isuzu,gas,std,four,sedan,fwd,front,ohc,four,2bbl,8916.5,7955.358709273181
47,2,96.0,172.6,65.2,51.4,2734,119,3.43,3.23,9.2,90,5000,24,29,isuzu,gas,std,two,hatchback,rwd,front,ohc,four,spfi,11048.0,11649.236988304092
48,0,113.0,199.6,69.6,52.8,4066,258,3.63,4.17,8.1,176,4750,15,19,jaguar,gas,std,four,sedan,rwd,front,dohc,six,mpfi,32250.0,34702.848527568916
49,0,113.0,199.6,69.6,52.8,4066,258,3.63,4.17,8.1,176,4750,15,19,jaguar,gas,std,four,sedan,rwd,front,dohc,six,mpfi,35550.0,34702.848527568916
50,0,102.0,191.7,70.6,47.8,3950,326,3.54,2.76,11.5,262,5000,13,17,jaguar,gas,std,two,sedan,rwd,front,ohcv,twelve,mpfi,36000.0,35611.85893029448
51,1,93.1,159.1,64.2,54.1,1890,91,3.03,3.15,9.0,68,5000,30,31,mazda,gas,std,two,hatchback,fwd,front,ohc,four,2bbl,5195.0,6126.747410192147
52,1,93.1,159.1,64.2,54.1,1900,91,3.03,3.15,9.0,68,5000,31,38,mazda,gas,std,two,hatchback,fwd,front,ohc,four,2bbl,6095.0,6263.574759816207
53,1,93.1,159.1,64.2,54.1,1905,91,3.03,3.15,9.0,68,5000,31,38,mazda,gas,std,two,hatchback,fwd,front,ohc,four,2bbl,6795.0,6310.902245196325
54,1,93.1,166.8,64.2,54.1,1945,91,3.03,3.15,9.0,68,5000,31,38,mazda,gas,std,four,sedan,fwd,front,ohc,four,2bbl,6695.0,6966.315977443609
55,1,93.1,166.8,64.2,54.1,1950,91,3.08,3.15,9.0,68,5000,31,38,mazda,gas,std,four,sedan,fwd,front,ohc,four,2bbl,7395.0,7054.131578947368
56,3,95.3,169.0,65.7,49.6,2380,70,3.33,3.255,9.4,101,6000,17,23,mazda,gas,std,two,hatchback,rwd,front,rotor,two,4bbl,10945.0,12698.25042209691
57,3,95.3,169.0,65.7,49.6,2380,70,3.33,3.255,9.4,101,6000,17,23,mazda,gas,std,two,hatchback,rwd,front,rotor,two,4bbl,11845.0,12698.25042209691
58,3,95.3,169.0,65.7,49.6,2385,70,3.33,3.255,9.4,101,6000,17,23,mazda,gas,std,two,hatchback,rwd,front,rotor,two,4bbl,13645.0,12746.296474728488
59,3,95.3,169.0,65.7,49.6,2500,80,3.33,3.255,9.4,135,6000,16,23,mazda,gas,std,two,hatchback,rwd,front,rotor,two,mpfi,15645.0,15093.802292021724
60,1,98.8,177.8,66.5,53.7,2385,122,3.39,3.39,8.6,84,4800,26,32,mazda,gas,std,two,hatchback,fwd,front,ohc,four,2bbl,8845.0,9866.414390142021
61,0,98.8,177.8,66.5,55.5,2410,122,3.39,3.39,8.6,84,4800,26,32,mazda,gas,std,four,sedan,fwd,front,ohc,four,2bbl,8495.0,9679.876169590643
62,1,98.8,177.8,66.5,53.7,2385,122,3.39,3.39,8.6,84,4800,26,32,mazda,gas,std,two,hatchback,fwd,front,ohc,four,2bbl,10595.0,9866.414390142021
63,0,98.8,177.8,66.5,55.5,2410,122,3.39,3.39,8.6,84,4800,26,32,mazda,gas,std,four,sedan,fwd,front,ohc,four,2bbl,10245.0,9679.876169590643
64,0,98.8,177.8,66.5,55.5,2443,122,3.39,3.39,22.7,64,4650,36,42,mazda,diesel,std,four,sedan,fwd,front,ohc,four,idi,10795.0,10441.732748538012
65,0,98.8,177.8,66.5,55.5,2425,122,3.39,3.39,8.6,84,4800,26,32,mazda,gas,std,four,hatchback,fwd,front,ohc,four,2bbl,11245.0,10130.824665831242
66,0,104.9,175.0,66.1,54.4,2670,140,3.76,3.16,8.0,120,5000,19,27,mazda,gas,std,four,sedan,rwd,front,ohc,four,mpfi,18280.0,16942.49855889724
67,0,104.9,175.0,66.1,54.4,2700,134,3.43,3.64,22.0,72,4200,31,39,mazda,diesel,std,four,sedan,rwd,front,ohc,four,idi,18344.0,14871.028383458646
68,-1,110.0,190.9,70.3,56.5,3515,183,3.58,3.64,21.5,123,4350,22,25,buick,diesel,turbo,four,sedan,rwd,front,ohc,five,idi,25552.0,28847.486278195487
69,-1,110.0,190.9,70.3,58.7,3750,183,3.58,3.64,21.5,123,4350,22,25,buick,diesel,turbo,four,wagon,rwd,front,ohc,five,idi,28248.0,28984.375187969927
70,0,106.7,187.5,70.3,54.9,3495,183,3.58,3.64,21.5,123,4350,22,25,buick,diesel,turbo,two,hardtop,rwd,front,ohc,five,idi,28176.0,28387.51560150376
71,-1,115.6,202.6,71.7,56.3,3770,183,3.58,3.64,21.5,123,4350,22,25,buick,diesel,turbo,four,sedan,rwd,front,ohc,five,idi,31600.0,29669.819611528826
72,-1,115.6,202.6,71.7,56.5,3740,234,3.46,3.1,8.3,155,4750,16,18,buick,gas,std,four,sedan,rwd,front,ohcv,eight,mpfi,34184.0,34915.54489348371
73,3,96.6,180.3,70.5,50.8,3685,234,3.46,3.1,8.3,155,4750,16,18,buick,gas,std,two,convertible,rwd,front,ohcv,eight,mpfi,35056.0,33098.514070802004
74,0,120.9,208.1,71.7,56.7,3900,308,3.8,3.35,8.0,184,4500,14,16,buick,gas,std,four,sedan,rwd,front,ohcv,eight,mpfi,40960.0,39615.02102130326
75,1,112.0,199.2,72.0,55.4,3715,304,3.8,3.35,8.0,184,4500,14,16,buick,gas,std,two,hardtop,rwd,front,ohcv,eight,mpfi,45400.0,40424.093170426066
76,1,102.7,178.4,68.0,54.8,2910,140,3.78,3.12,8.0,175,5000,19,24,mercury,gas,turbo,two,hatchback,rwd,front,ohc,four,mpfi,16503.0,18333.797424582284
77,2,93.7,157.3,64.4,50.8,1918,92,2.97,3.23,9.4,68,5500,37,41,mitsubishi,gas,std,two,hatchback,fwd,front,ohc,four,2bbl,5389.0,5723.137468671678
78,2,93.7,157.3,64.4,50.8,1944,92,2.97,3.23,9.4,68,5500,31,38,mitsubishi,gas,std,two,hatchback,fwd,front,ohc,four,2bbl,6189.0,6320.217898913952
79,2,93.7,157.3,64.4,50.8,2004,92,2.97,3.23,9.4,68,5500,31,38,mitsubishi,gas,std,two,hatchback,fwd,front,ohc,four,2bbl,6669.0,6403.197723475355
80,1,93.0,157.3,63.8,50.8,2145,98,3.03,3.39,7.6,102,5500,24,30,mitsubishi,gas,turbo,two,hatchback,fwd,front,ohc,four,spdi,7689.0,8242.10006265664
81,3,96.3,173.0,65.4,49.4,2370,110,3.17,3.46,7.5,116,5500,23,30,mitsubishi,gas,turbo,two,hatchback,fwd,front,ohc,four,spdi,9959.0,9721.145478279028
82,3,96.3,173.0,65.4,49.4,2328,122,3.35,3.46,8.5,88,5000,25,32,mitsubishi,gas,std,two,hatchback,fwd,front,ohc,four,2bbl,8499.0,8280.290977443608
83,3,95.9,173.2,66.3,50.2,2833,156,3.58,3.86,7.0,145,5000,19,24,mitsubishi,gas,turbo,two,hatchback,fwd,front,ohc,four,spdi,12629.0,13633.145866854635
84,3,95.9,173.2,66.3,50.2,2921,156,3.59,3.86,7.0,145,5000,19,24,mitsubishi,gas,turbo,two,hatchback,fwd,front,ohc,four,spdi,14869.0,13741.071305451125
85,3,95.9,173.2,66.3,50.2,2926,156,3.59,3.86,7.0,145,5000,19,24,mitsubishi,gas,turbo,two,hatchback,fwd,front,ohc,four,spdi,14489.0,13741.071305451125
86,1,96.3,172.4,65.4,51.6,2365,122,3.35,3.46,8.5,88,5000,25,32,mitsubishi,gas,std,four,sedan,fwd,front,ohc,four,2bbl,6989.0,8105.1671679198
87,1,96.3,172.4,65.4,51.6,2405,122,3.35,3.46,8.5,88,5000,25,32,mitsubishi,gas,std,four,sedan,fwd,front,ohc,four,2bbl,8189.0,8337.81096491228
88,1,96.3,172.4,65.4,51.6,2403,110,3.17,3.46,7.5,116,5500,23,30,mitsubishi,gas,turbo,four,sedan,fwd,front,ohc,four,spdi,9279.0,9587.5942251462
89,-1,96.3,172.4,65.4,51.6,2403,110,3.17,3.46,7.5,116,5500,23,30,mitsubishi,gas,std,four,sedan,fwd,front,ohc,four,spdi,9279.0,9587.5942251462
90,1,94.5,165.3,63.8,54.5,1889,97,3.15,3.29,9.4,69,5200,31,37,nissan,gas,std,two,sedan,fwd,front,ohc,four,2bbl,5499.0,6670.893901420217
91,1,94.5,165.3,63.8,54.5,2017,103,2.99,3.47,21.9,55,4800,45,50,nissan,diesel,std,two,sedan,fwd,front,ohc,four,idi,7099.0,7346.526263575604
92,1,94.5,165.3,63.8,54.5,1918,97,3.15,3.29,9.4,69,5200,31,37,nissan,gas,std,two,sedan,fwd,front,ohc,four,2bbl,6649.0,6798.497702589809
93,1,94.5,165.3,63.8,54.5,1938,97,3.15,3.29,9.4,69,5200,31,37,nissan,gas,std,four,sedan,fwd,front,ohc,four,2bbl,6849.0,6808.109231411863
94,1,94.5,170.2,63.8,53.5,2024,97,3.15,3.29,9.4,69,5200,31,37,nissan,gas,std,four,wagon,fwd,front,ohc,four,2bbl,7349.0,7622.224843358395
95,1,94.5,165.3,63.8,54.5,1951,97,3.15,3.29,9.4,69,5200,31,37,nissan,gas,std,two,sedan,fwd,front,ohc,four,2bbl,7299.0,6954.402360066834
96,1,94.5,165.6,63.8,53.3,2028,97,3.15,3.29,9.4,69,5200,31,37,nissan,gas,std,two,hatchback,fwd,front,ohc,four,2bbl,7799.0,7574.981892230578
97,1,94.5,165.3,63.8,54.5,1971,97,3.15,3.29,9.4,69,5200,31,37,nissan,gas,std,four,sedan,fwd,front,ohc,four,2bbl,7499.0,6961.262009189641
98,1,94.5,170.2,63.8,53.5,2037,97,3.15,3.29,9.4,69,5200,31,37,nissan,gas,std,four,wagon,fwd,front,ohc,four,2bbl,7999.0,7652.745895989974
99,2,95.1,162.4,63.8,53.3,2008,97,3.15,3.29,9.4,69,5200,31,37,nissan,gas,std,two,hardtop,fwd,front,ohc,four,2bbl,8249.0,7592.54956140351
100,0,97.2,173.4,65.2,54.7,2324,120,3.33,3.47,8.5,97,5200,27,34,nissan,gas,std,four,hatchback,fwd,front,ohc,four,2bbl,8949.0,9123.587186716792
101,0,97.2,173.4,65.2,54.7,2302,120,3.33,3.47,8.5,97,5200,27,34,nissan,gas,std,four,sedan,fwd,front,ohc,four,2bbl,9549.0,9283.45971177945
102,0,100.4,181.7,66.5,55.1,3095,181,3.43,3.27,9.0,152,5200,17,22,nissan,gas,std,four,sedan,fwd,front,ohcv,six,mpfi,13499.0,15251.798491304018
103,0,100.4,184.6,66.5,56.1,3296,181,3.43,3.27,9.0,152,5200,17,22,nissan,gas,std,four,wagon,fwd,front,ohcv,six,mpfi,14399.0,15332.100391888811
104,0,100.4,184.6,66.5,55.1,3060,181,3.43,3.27,9.0,152,5200,19,25,nissan,gas,std,four,sedan,fwd,front,ohcv,six,mpfi,13499.0,14926.556085288981
105,3,91.3,170.7,67.9,49.7,3071,181,3.43,3.27,9.0,160,5200,19,25,nissan,gas,std,two,hatchback,rwd,front,ohcv,six,mpfi,17199.0,17673.082307177032
106,3,91.3,170.7,67.9,49.7,3139,181,3.43,3.27,7.8,200,5200,17,23,nissan,gas,turbo,two,hatchback,rwd,front,ohcv,six,mpfi,19699.0,19540.63179793518
107,1,99.2,178.5,67.9,49.7,3139,181,3.43,3.27,9.0,160,5200,19,25,nissan,gas,std,two,hatchback,rwd,front,ohcv,six,mpfi,18399.0,17381.48118462064
108,0,107.9,186.7,68.4,56.7,3020,120,3.46,3.19,8.4,97,5000,19,24,peugeot,gas,std,four,sedan,rwd,front,l,four,mpfi,11900.0,14722.949566150222
109,0,107.9,186.7,68.4,56.7,3197,152,3.7,3.52,21.0,95,4150,28,33,peugeot,diesel,turbo,four,sedan,rwd,front,l,four,idi,13200.0,15726.580357142855
110,0,114.2,198.9,68.4,58.7,3230,120,3.46,3.19,8.4,97,5000,19,24,peugeot,gas,std,four,wagon,rwd,front,l,four,mpfi,12440.0,15554.077642021719
111,0,114.2,198.9,68.4,58.7,3430,152,3.7,3.52,21.0,95,4150,25,25,peugeot,diesel,turbo,four,wagon,rwd,front,l,four,idi,13860.0,17035.466739766078
112,0,107.9,186.7,68.4,56.7,3075,120,3.46,2.19,8.4,95,5000,19,24,peugeot,gas,std,four,sedan,rwd,front,l,four,mpfi,15580.0,15538.598579782787
113,0,107.9,186.7,68.4,56.7,3252,152,3.7,3.52,21.0,95,4150,28,33,peugeot,diesel,turbo,four,sedan,rwd,front,l,four,idi,16900.0,15903.295582706764
114,0,114.2,198.9,68.4,56.7,3285,120,3.46,2.19,8.4,95,5000,19,24,peugeot,gas,std,four,wagon,rwd,front,l,four,mpfi,16695.0,15781.537071846278
115,0,114.2,198.9,68.4,58.7,3485,152,3.7,3.52,21.0,95,4150,25,25,peugeot,diesel,turbo,four,wagon,rwd,front,l,four,idi,17075.0,17035.466739766078
116,0,107.9,186.7,68.4,56.7,3075,120,3.46,3.19,8.4,97,5000,19,24,peugeot,gas,std,four,sedan,rwd,front,l,four,mpfi,16630.0,15346.402307852963
117,0,107.9,186.7,68.4,56.7,3252,152,3.7,3.52,21.0,95,4150,28,33,peugeot,diesel,turbo,four,sedan,rwd,front,l,four,idi,17950.0,15903.295582706764
118,0,108.0,186.7,68.3,56.0,3130,134,3.61,3.21,7.0,142,5600,18,24,peugeot,gas,turbo,four,sedan,rwd,front,l,four,mpfi,18150.0,17868.875081171675
119,1,93.7,157.3,63.8,50.8,1918,90,2.97,3.23,9.4,68,5500,37,41,plymouth,gas,std,two,hatchback,fwd,front,ohc,four,2bbl,5572.0,5857.940758145363
120,1,93.7,157.3,63.8,50.8,2128,98,3.03,3.39,7.6,102,5500,24,30,plymouth,gas,turbo,two,hatchback,fwd,front,ohc,four,spdi,7957.0,8344.581641604009
121,1,93.7,157.3,63.8,50.6,1967,90,2.97,3.23,9.4,68,5500,31,38,plymouth,gas,std,four,hatchback,fwd,front,ohc,four,2bbl,6229.0,6340.686852548037
122,1,93.7,167.3,63.8,50.8,1989,90,2.97,3.23,9.4,68,5500,31,38,plymouth,gas,std,four,sedan,fwd,front,ohc,four,2bbl,6692.0,7099.561027568922
123,1,93.7,167.3,63.8,50.8,2191,98,2.97,3.23,9.4,68,5500,31,38,plymouth,gas,std,four,sedan,fwd,front,ohc,four,2bbl,7609.0,7441.705451127818
124,-1,103.3,174.6,64.6,59.8,2535,122,3.35,3.46,8.5,88,5000,24,30,plymouth,gas,std,four,wagon,fwd,front,ohc,four,2bbl,8921.0,9178.049342105262
125,3,95.9,173.2,66.3,50.2,2818,156,3.59,3.86,7.0,145,5000,19,24,plymouth,gas,turbo,two,hatchback,rwd,front,ohc,four,spdi,12764.0,13834.015632832079
126,3,94.5,168.9,68.3,50.2,2778,151,3.94,3.11,9.5,143,5500,19,27,porsche,gas,std,two,hatchback,rwd,front,ohc,four,mpfi,22018.0,22678.119897869674
127,3,89.5,168.9,65.0,51.6,2756,194,3.74,2.9,9.5,207,5900,17,25,porsche,gas,std,two,hardtop,rwd,rear,ohcf,six,mpfi,32528.0,33472.19642857142
128,3,89.5,168.9,65.0,51.6,2756,194,3.74,2.9,9.5,207,5900,17,25,porsche,gas,std,two,hardtop,rwd,rear,ohcf,six,mpfi,34028.0,33472.19642857142
129,3,89.5,168.9,65.0,51.6,2800,194,3.74,2.9,9.5,207,5900,17,25,porsche,gas,std,two,convertible,rwd,rear,ohcf,six,mpfi,37028.0,32933.53853383458
130,1,98.4,175.7,72.3,50.5,3366,203,3.94,3.11,10.0,288,5750,17,28,porsche,gas,std,two,hatchback,rwd,front,dohcv,eight,mpfi,31400.5,32183.398558897243
131,0,96.1,181.5,66.5,55.2,2579,132,3.46,3.9,8.7,90,5100,23,31,renault,gas,std,four,wagon,fwd,front,ohc,four,mpfi,9295.0,10351.554928989139
132,2,96.1,176.8,66.6,50.5,2460,132,3.46,3.9,8.7,90,5100,23,31,renault,gas,std,two,hatchback,fwd,front,ohc,four,mpfi,9895.0,10222.461215538846
133,3,99.1,186.6,66.5,56.1,2658,121,3.54,3.07,9.31,110,5250,21,28,saab,gas,std,two,hatchback,fwd,front,ohc,four,mpfi,11850.0,12926.653064479382
134,2,99.1,186.6,66.5,56.1,2695,121,3.54,3.07,9.3,110,5250,21,28,saab,gas,std,four,sedan,fwd,front,ohc,four,mpfi,12170.0,13678.477939166096
135,3,99.1,186.6,66.5,56.1,2707,121,2.54,2.07,9.3,110,5250,21,28,saab,gas,std,two,hatchback,fwd,front,ohc,four,mpfi,15040.0,14247.57238361054
136,2,99.1,186.6,66.5,56.1,2758,121,3.54,3.07,9.3,110,5250,21,28,saab,gas,std,four,sedan,fwd,front,ohc,four,mpfi,15510.0,14813.778429976459
137,3,99.1,186.6,66.5,56.1,2808,121,3.54,3.07,9.0,160,5500,19,26,saab,gas,turbo,two,hatchback,fwd,front,dohc,four,mpfi,18150.0,17265.287826002506
138,2,99.1,186.6,66.5,56.1,2847,121,3.54,3.07,9.0,160,5500,19,26,saab,gas,turbo,four,sedan,fwd,front,dohc,four,mpfi,18620.0,17099.353953947364
139,2,93.7,156.9,63.4,53.7,2050,97,3.62,2.36,9.0,69,4900,31,36,subaru,gas,std,two,hatchback,fwd,front,ohcf,four,2bbl,5118.0,6143.754619503304
140,2,93.7,157.9,63.6,53.7,2120,108,3.62,2.64,8.7,73,4400,26,31,subaru,gas,std,two,hatchback,fwd,front,ohcf,four,2bbl,7053.0,7252.6591307815
141,2,93.3,157.3,63.8,55.7,2240,108,3.62,2.64,8.7,73,4400,26,31,subaru,gas,std,two,hatchback,4wd,front,ohcf,four,2bbl,7603.0,7699.6495614035075
142,0,97.2,172.0,65.4,52.5,2145,108,3.62,2.64,9.5,82,4800,32,37,subaru,gas,std,four,sedan,fwd,front,ohcf,four,2bbl,7126.0,7634.21053011316
143,0,97.2,172.0,65.4,52.5,2190,108,3.62,2.64,9.5,82,4400,28,33,subaru,gas,std,four,sedan,fwd,front,ohcf,four,2bbl,7775.0,7921.13747246905
144,0,97.2,172.0,65.4,52.5,2340,108,3.62,2.64,9.0,94,5200,26,32,subaru,gas,std,four,sedan,fwd,front,ohcf,four,mpfi,9960.0,9817.268644148247
145,0,97.0,172.0,65.4,54.3,2385,108,3.62,2.64,9.0,82,4800,24,25,subaru,gas,std,four,sedan,4wd,front,ohcf,four,2bbl,9233.0,10240.139724310777
146,0,97.0,172.0,65.4,54.3,2510,108,3.62,2.64,7.7,111,4800,24,29,subaru,gas,turbo,four,sedan,4wd,front,ohcf,four,mpfi,11259.0,11371.451023391812
147,0,97.0,173.5,65.4,53.0,2290,108,3.62,2.64,9.0,82,4800,28,32,subaru,gas,std,four,wagon,fwd,front,ohcf,four,2bbl,7463.0,8047.72427944862
148,0,97.0,173.5,65.4,53.0,2455,108,3.62,2.64,9.0,94,5200,25,31,subaru,gas,std,four,wagon,fwd,front,ohcf,four,mpfi,10198.0,10115.000929406848
149,0,96.9,173.6,65.4,54.9,2420,108,3.62,2.64,9.0,82,4800,23,29,subaru,gas,std,four,wagon,4wd,front,ohcf,four,2bbl,8013.0,8734.756182121968
150,0,96.9,173.6,65.4,54.9,2650,108,3.62,2.64,7.7,111,4800,23,23,subaru,gas,turbo,four,wagon,4wd,front,ohcf,four,mpfi,11694.0,13325.385484544693
151,1,95.7,158.7,63.6,54.5,1985,92,3.05,3.03,9.0,62,4800,35,39,toyota,gas,std,two,hatchback,fwd,front,ohc,four,2bbl,5348.0,6077.257435254804
152,1,95.7,158.7,63.6,54.5,2040,92,3.05,3.03,9.0,62,4800,31,38,toyota,gas,std,two,hatchback,fwd,front,ohc,four,2bbl,6338.0,6441.827861319965
153,1,95.7,158.7,63.6,54.5,2015,92,3.05,3.03,9.0,62,4800,31,38,toyota,gas,std,four,hatchback,fwd,front,ohc,four,2bbl,6488.0,6387.29753550543
154,0,95.7,169.7,63.6,59.1,2280,92,3.05,3.03,9.0,62,4800,31,37,toyota,gas,std,four,wagon,fwd,front,ohc,four,2bbl,6918.0,7565.2479741019215
155,0,95.7,169.7,63.6,59.1,2290,92,3.05,3.03,9.0,62,4800,27,32,toyota,gas,std,four,wagon,4wd,front,ohc,four,2bbl,7898.0,8126.815006265665
156,0,95.7,169.7,63.6,59.1,3110,92,3.05,3.03,9.0,62,4800,27,32,toyota,gas,std,four,wagon,4wd,front,ohc,four,2bbl,8778.0,9484.961061090227
157,0,95.7,166.3,64.4,53.0,2081,98,3.19,3.03,9.0,70,4800,30,37,toyota,gas,std,four,sedan,fwd,front,ohc,four,2bbl,6938.0,7472.330137844609
158,0,95.7,166.3,64.4,52.8,2109,98,3.19,3.03,9.0,70,4800,30,37,toyota,gas,std,four,hatchback,fwd,front,ohc,four,2bbl,7198.0,7645.656171679198
159,0,95.7,166.3,64.4,53.0,2275,110,3.27,3.35,22.5,56,4500,34,36,toyota,diesel,std,four,sedan,fwd,front,ohc,four,idi,7898.0,8016.521929824561
160,0,95.7,166.3,64.4,52.8,2275,110,3.27,3.35,22.5,56,4500,38,47,toyota,diesel,std,four,hatchback,fwd,front,ohc,four,idi,7788.0,7913.748120300751
161,0,95.7,166.3,64.4,53.0,2094,98,3.19,3.03,9.0,70,4800,38,47,toyota,gas,std,four,sedan,fwd,front,ohc,four,2bbl,7738.0,7535.408395989974
162,0,95.7,166.3,64.4,52.8,2122,98,3.19,3.03,9.0,70,4800,28,34,toyota,gas,std,four,hatchback,fwd,front,ohc,four,2bbl,8358.0,8271.683239348371
163,0,95.7,166.3,64.4,52.8,2140,98,3.19,3.03,9.0,70,4800,28,34,toyota,gas,std,four,sedan,fwd,front,ohc,four,2bbl,9258.0,8388.856766917292
164,1,94.5,168.7,64.0,52.6,2169,98,3.19,3.03,9.0,70,4800,29,34,toyota,gas,std,two,sedan,rwd,front,ohc,four,2bbl,8058.0,8330.688972431079
165,1,94.5,168.7,64.0,52.6,2204,98,3.19,3.03,9.0,70,4800,29,34,toyota,gas,std,two,hatchback,rwd,front,ohc,four,2bbl,8238.0,8332.173057644111
166,1,94.5,168.7,64.0,52.6,2265,98,3.24,3.08,9.4,112,6600,26,29,toyota,gas,std,two,sedan,rwd,front,dohc,four,mpfi,9298.0,10690.352474937346
167,1,94.5,168.7,64.0,52.6,2300,98,3.24,3.08,9.4,112,6600,26,29,toyota,gas,std,two,hatchback,rwd,front,dohc,four,mpfi,9538.0,10436.265241854637
168,2,98.4,176.2,65.6,52.0,2540,146,3.62,3.5,9.3,116,4800,24,30,toyota,gas,std,two,hardtop,rwd,front,ohc,four,mpfi,8449.0,10593.769580200504
169,2,98.4,176.2,65.6,52.0,2536,146,3.62,3.5,9.3,116,4800,24,30,toyota,gas,std,two,hardtop,rwd,front,ohc,four,mpfi,9639.0,10593.769580200504
170,2,98.4,176.2,65.6,52.0,2551,146,3.62,3.5,9.3,116,4800,24,30,toyota,gas,std,two,hatchback,rwd,front,ohc,four,mpfi,9989.0,10676.478790726818
171,2,98.4,176.2,65.6,52.0,2679,146,3.62,3.5,9.3,116,4800,24,30,toyota,gas,std,two,hardtop,rwd,front,ohc,four,mpfi,11199.0,11158.049843358398
172,2,98.4,176.2,65.6,52.0,2714,146,3.62,3.5,9.3,116,4800,24,30,toyota,gas,std,two,hatchback,rwd,front,ohc,four,mpfi,11549.0,11767.82456140351
173,2,98.4,176.2,65.6,53.0,2975,146,3.62,3.5,9.3,116,4800,24,30,toyota,gas,std,two,convertible,rwd,front,ohc,four,mpfi,17669.0,13501.04013157895
174,-1,102.4,175.6,66.5,54.9,2326,122,3.31,3.54,8.7,92,4200,29,34,toyota,gas,std,four,sedan,fwd,front,ohc,four,mpfi,8948.0,10222.890100250626
175,-1,102.4,175.6,66.5,54.9,2480,110,3.27,3.35,22.5,73,4500,30,33,toyota,diesel,turbo,four,sedan,fwd,front,ohc,four,idi,10698.0,11006.565476190477
176,-1,102.4,175.6,66.5,53.9,2414,122,3.31,3.54,8.7,92,4200,27,32,toyota,gas,std,four,hatchback,fwd,front,ohc,four,mpfi,9988.0,10642.538847117792
177,-1,102.4,175.6,66.5,54.9,2414,122,3.31,3.54,8.7,92,4200,27,32,toyota,gas,std,four,sedan,fwd,front,ohc,four,mpfi,10898.0,10690.451315789473
178,-1,102.4,175.6,66.5,53.9,2458,122,3.31,3.54,8.7,92,4200,27,32,toyota,gas,std,four,hatchback,fwd,front,ohc,four,mpfi,11248.0,10657.139724310773
179,3,102.9,183.5,67.7,52.0,2976,171,3.27,3.35,9.3,161,5200,20,24,toyota,gas,std,two,hatchback,rwd,front,dohc,six,mpfi,16558.0,16002.419251224652
180,3,102.9,183.5,67.7,52.0,3016,171,3.27,3.35,9.3,161,5200,19,24,toyota,gas,std,two,hatchback,rwd,front,dohc,six,mpfi,15998.0,16002.793814382547
181,-1,104.5,187.8,66.5,54.1,3131,171,3.27,3.35,9.2,156,5200,20,24,toyota,gas,std,four,sedan,rwd,front,dohc,six,mpfi,15690.0,16260.983111187055
182,-1,104.5,187.8,66.5,54.1,3151,161,3.27,3.35,9.2,156,5200,19,24,toyota,gas,std,four,wagon,rwd,front,dohc,six,mpfi,15750.0,16027.779539758483
183,2,97.3,171.7,65.5,55.7,2261,97,3.01,3.4,23.0,52,4800,37,46,volkswagen,diesel,std,two,sedan,fwd,front,ohc,four,idi,7775.0,8138.482926065162
184,2,97.3,171.7,65.5,55.7,2209,109,3.19,3.4,9.0,85,5250,27,34,volkswagen,gas,std,two,sedan,fwd,front,ohc,four,mpfi,7975.0,8541.700146198831
185,2,97.3,171.7,65.5,55.7,2264,97,3.01,3.4,23.0,52,4800,37,46,volkswagen,diesel,std,four,sedan,fwd,front,ohc,four,idi,7995.0,8138.482926065162
186,2,97.3,171.7,65.5,55.7,2212,109,3.19,3.4,9.0,85,5250,27,34,volkswagen,gas,std,four,sedan,fwd,front,ohc,four,mpfi,8195.0,8541.700146198831
187,2,97.3,171.7,65.5,55.7,2275,109,3.19,3.4,9.0,85,5250,27,34,volkswagen,gas,std,four,sedan,fwd,front,ohc,four,mpfi,8495.0,8594.904093567251
188,2,97.3,171.7,65.5,55.7,2319,97,3.01,3.4,23.0,68,4500,37,42,volkswagen,diesel,turbo,four,sedan,fwd,front,ohc,four,idi,9495.0,8710.658740601506
189,2,97.3,171.7,65.5,55.7,2300,109,3.19,3.4,10.0,100,5500,26,32,volkswagen,gas,std,four,sedan,fwd,front,ohc,four,mpfi,9995.0,9789.603059732664
190,3,94.5,159.3,64.2,55.6,2254,109,3.19,3.4,8.5,90,5500,24,29,volkswagen,gas,std,two,convertible,fwd,front,ohc,four,mpfi,11595.0,10477.098642439432
191,3,94.5,165.7,64.0,51.4,2221,109,3.19,3.4,8.5,90,5500,24,29,volkswagen,gas,std,two,hatchback,fwd,front,ohc,four,mpfi,9980.0,10049.77180451128
192,0,100.4,180.2,66.9,55.1,2661,136,3.19,3.4,8.5,110,5500,19,24,volkswagen,gas,std,four,sedan,fwd,front,ohc,five,mpfi,13295.0,14196.130270828588
193,0,100.4,180.2,66.9,55.1,2579,97,3.01,3.4,23.0,68,4500,33,38,volkswagen,diesel,turbo,four,sedan,fwd,front,ohc,four,idi,13845.0,12091.48314536341
194,0,100.4,183.1,66.9,55.1,2563,109,3.19,3.4,9.0,88,5500,25,31,volkswagen,gas,std,four,wagon,fwd,front,ohc,four,mpfi,12290.0,12115.38538011696
195,-2,104.3,188.8,67.2,56.2,2912,141,3.78,3.15,9.5,114,5400,23,28,volvo,gas,std,four,sedan,rwd,front,ohc,four,mpfi,12940.0,14999.436779448622
196,-1,104.3,188.8,67.2,57.5,3034,141,3.78,3.15,9.5,114,5400,23,28,volvo,gas,std,four,wagon,rwd,front,ohc,four,mpfi,13415.0,14991.423621553884
197,-2,104.3,188.8,67.2,56.2,2935,141,3.78,3.15,9.5,114,5400,24,28,volvo,gas,std,four,sedan,rwd,front,ohc,four,mpfi,15985.0,15178.149498746865
198,-1,104.3,188.8,67.2,57.5,3042,141,3.78,3.15,9.5,114,5400,24,28,volvo,gas,std,four,wagon,rwd,front,ohc,four,mpfi,16515.0,15269.500375939848
199,-2,104.3,188.8,67.2,56.2,3045,130,3.62,3.15,7.5,162,5100,17,22,volvo,gas,turbo,four,sedan,rwd,front,ohc,four,mpfi,18420.0,18514.157402537592
200,-1,104.3,188.8,67.2,57.5,3157,130,3.62,3.15,7.5,162,5100,17,22,volvo,gas,turbo,four,wagon,rwd,front,ohc,four,mpfi,18950.0,18849.81357421679
201,-1,109.1,188.8,68.9,55.5,2952,141,3.78,3.15,9.5,114,5400,23,28,volvo,gas,std,four,sedan,rwd,front,ohc,four,mpfi,16845.0,17618.014264828736
202,-1,109.1,188.8,68.8,55.5,3049,141,3.78,3.15,8.7,160,5300,19,25,volvo,gas,turbo,four,sedan,rwd,front,ohc,four,mpfi,19045.0,20465.55614035088
203,-1,109.1,188.8,68.9,55.5,3012,173,3.58,2.87,8.8,134,5500,18,23,volvo,gas,std,four,sedan,rwd,front,ohcv,six,mpfi,21485.0,19988.91179586751
204,-1,109.1,188.8,68.9,55.5,3217,145,3.01,3.4,23.0,106,4800,26,27,volvo,diesel,turbo,four,sedan,rwd,front,ohc,six,idi,22470.0,20752.457526391736
205,-1,109.1,188.8,68.9,55.5,3062,141,3.78,3.15,9.5,114,5400,19,25,volvo,gas,turbo,four,sedan,rwd,front,ohc,four,mpfi,22625.0,20005.817345446954
